1657695664,admin,admin,Vu Tran,0978692501,vutran@gmail.com,Le Duan-Hue,ADMIN,2022-07-13T07:02:09.460Z,null
1657787092,nguyentanluong,nguyentanluong,Tan Luong,0987654312,tanluong@gmail.com,Dak Lak,USER,2022-07-14T08:25:20.561Z,2022-07-14T08:28:20.786Z
1657787122,lehuutien,lehuutien,Le Huu Tien,0987654123,tien@gmail.com,Phu Da-Hue,USER,2022-07-14T08:25:55.124Z,null
1657787156,nguyentienphu,nguyentienphu,Nguyen Tien Phu,0987456123,phu@gmail.com,Ha Tinh,USER,2022-07-14T08:26:26.963Z,null
1657787189,truongvanthanh,truongvanthanh,Truong Van Thanh,0987456132,thanh@gmail.com,Hue,USER,2022-07-14T08:26:58.941Z,null
1657787223,tranvancu,tranvancu,Tran Van Cu,0987456111,tranvancu@gmail.com,Ha Tinh,ADMIN,2022-07-14T08:27:28.882Z,null
